Network,Annotation
Input ID,GO:0030593|neutrophil chemotaxis|-21.2;GO:0097529|myeloid leukocyte migration|-21.1;GO:0050900|leukocyte migration|-21.1
Input ID_MCODE_ALL,GO:0030593|neutrophil chemotaxis|-16.5;GO:0097529|myeloid leukocyte migration|-16.3;GO:0030595|leukocyte chemotaxis|-16.1
Input ID_SUB1_MCODE_1,R-HSA-373076|Class A/1 (Rhodopsin-like receptors)|-16.8;R-HSA-418594|G alpha (i) signalling events|-16.0;R-HSA-375276|Peptide ligand-binding receptors|-15.7
Input ID_SUB2_MCODE_2,R-HSA-5668599|RHO GTPases Activate NADPH Oxidases|-9.1;R-HSA-195258|RHO GTPase Effectors|-5.6;R-HSA-194315|Signaling by Rho GTPases|-5.2
