Cluster,Gene,Score,Type,Symbol,Network
1,3576,4.0,Clustered,CXCL8,Input ID_SUB1
1,3579,4.0,Clustered,CXCR2,Input ID_SUB1
1,728,4.0,Clustered,C5AR1,Input ID_SUB1
1,6374,4.0,Clustered,CXCL5,Input ID_SUB1
1,8843,4.0,Clustered,HCAR3,Input ID_SUB1
1,6372,4.0,Clustered,CXCL6,Input ID_SUB1
1,2358,4.0,Clustered,FPR2,Input ID_SUB1
1,2357,4.0,Clustered,FPR1,Input ID_SUB1
1,10563,4.0,Seed,CXCL13,Input ID_SUB1
2,6279,1.0,Clustered,S100A8,Input ID_SUB2
2,6280,1.0,Clustered,S100A9,Input ID_SUB2
2,4688,1.0,Seed,NCF2,Input ID_SUB2
