,_MEMBER_Input ID,_LogP_Input ID,GO,Description,_PATTERN_,_RANK_,GiniIndex
19_GO:0030595,1,-23,GO:0030595,leukocyte chemotaxis,M1,1,0
19_GO:0097529,1,-22,GO:0097529,myeloid leukocyte migration,M1,1,0
19_GO:0003012,1,-2.9,GO:0003012,muscle system process,M1,1,0
19_GO:1903706,1,-2.7,GO:1903706,regulation of hemopoiesis,M1,1,0
19_GO:0045444,1,-2.5,GO:0045444,fat cell differentiation,M1,1,0
24_hsa04933,1,-5.2,hsa04933,AGE-RAGE signaling pathway in diabetic complications,M1,1,0
19_GO:0040017,1,-11,GO:0040017,positive regulation of locomotion,M1,1,0
19_GO:0002768,1,-3.4,GO:0002768,immune response-regulating cell surface receptor signaling pathway,M1,1,0
19_GO:0008277,1,-3.1,GO:0008277,regulation of G protein-coupled receptor signaling pathway,M1,1,0
19_GO:0043408,1,-10,GO:0043408,regulation of MAPK cascade,M1,1,0
19_GO:0009991,1,-3.3,GO:0009991,response to extracellular stimulus,M1,1,0
19_GO:0046889,1,-2.8,GO:0046889,positive regulation of lipid biosynthetic process,M1,1,0
19_GO:0071356,1,-3.9,GO:0071356,cellular response to tumor necrosis factor,M1,1,0
19_GO:0045861,1,-2.5,GO:0045861,negative regulation of proteolysis,M1,1,0
19_GO:0050715,1,-5.7,GO:0050715,positive regulation of cytokine secretion,M1,1,0
19_GO:0010977,1,-2.1,GO:0010977,negative regulation of neuron projection development,M1,1,0
19_GO:0090087,1,-5.4,GO:0090087,regulation of peptide transport,M1,1,0
19_GO:0019221,1,-16,GO:0019221,cytokine-mediated signaling pathway,M1,1,0
19_GO:0090316,1,-2.1,GO:0090316,positive regulation of intracellular protein transport,M1,1,0
19_GO:1902622,1,-3.7,GO:1902622,regulation of neutrophil migration,M1,1,0
19_GO:0034614,1,-3,GO:0034614,cellular response to reactive oxygen species,M1,1,0
19_GO:0042119,1,-13,GO:0042119,neutrophil activation,M1,1,0
19_GO:0098773,1,-2.8,GO:0098773,skin epidermis development,M1,1,0
19_GO:0046849,1,-2.7,GO:0046849,bone remodeling,M1,1,0
24_hsa05150,1,-4.8,hsa05150,Staphylococcus aureus infection,M1,1,0
19_GO:0060402,1,-2,GO:0060402,calcium ion transport into cytosol,M1,1,0
19_GO:0071900,1,-5,GO:0071900,regulation of protein serine/threonine kinase activity,M1,1,0
19_GO:0042330,1,-18,GO:0042330,taxis,M1,1,0
19_GO:0046683,1,-5.7,GO:0046683,response to organophosphorus,M1,1,0
19_GO:2000116,1,-2.4,GO:2000116,regulation of cysteine-type endopeptidase activity,M1,1,0
19_GO:0006874,1,-7.4,GO:0006874,cellular calcium ion homeostasis,M1,1,0
24_hsa05133,1,-5.7,hsa05133,Pertussis,M1,1,0
19_GO:0007584,1,-4.6,GO:0007584,response to nutrient,M1,1,0
19_GO:0002688,1,-12,GO:0002688,regulation of leukocyte chemotaxis,M1,1,0
19_GO:0032652,1,-2.5,GO:0032652,regulation of interleukin-1 production,M1,1,0
19_GO:0019932,1,-5.6,GO:0019932,second-messenger-mediated signaling,M1,1,0
19_GO:0010959,1,-5,GO:0010959,regulation of metal ion transport,M1,1,0
19_GO:0002757,1,-4.3,GO:0002757,immune response-activating signal transduction,M1,1,0
24_hsa05164,1,-2.9,hsa05164,Influenza A,M1,1,0
19_GO:0042089,1,-4.7,GO:0042089,cytokine biosynthetic process,M1,1,0
19_GO:0009306,1,-5.3,GO:0009306,protein secretion,M1,1,0
19_GO:0002790,1,-6,GO:0002790,peptide secretion,M1,1,0
6_R-HSA-1474244,1,-2.9,R-HSA-1474244,Extracellular matrix organization,M1,1,0
19_GO:0018210,1,-3.5,GO:0018210,peptidyl-threonine modification,M1,1,0
19_GO:0051047,1,-6.7,GO:0051047,positive regulation of secretion,M1,1,0
19_GO:0022405,1,-2.8,GO:0022405,hair cycle process,M1,1,0
19_GO:0010817,1,-2.5,GO:0010817,regulation of hormone levels,M1,1,0
19_GO:0051347,1,-5.7,GO:0051347,positive regulation of transferase activity,M1,1,0
19_GO:0014074,1,-5.5,GO:0014074,response to purine-containing compound,M1,1,0
19_GO:0090022,1,-4,GO:0090022,regulation of neutrophil chemotaxis,M1,1,0
19_GO:1903530,1,-7,GO:1903530,regulation of secretion by cell,M1,1,0
19_GO:0002695,1,-2.9,GO:0002695,negative regulation of leukocyte activation,M1,1,0
19_GO:0048872,1,-3.3,GO:0048872,homeostasis of number of cells,M1,1,0
19_GO:0045765,1,-8.2,GO:0045765,regulation of angiogenesis,M1,1,0
19_GO:0043062,1,-3.9,GO:0043062,extracellular structure organization,M1,1,0
19_GO:1903532,1,-5.9,GO:1903532,positive regulation of secretion by cell,M1,1,0
19_GO:0043065,1,-5.8,GO:0043065,positive regulation of apoptotic process,M1,1,0
19_GO:0090279,1,-3.7,GO:0090279,regulation of calcium ion import,M1,1,0
19_GO:0043269,1,-4.8,GO:0043269,regulation of ion transport,M1,1,0
19_GO:0032602,1,-6.8,GO:0032602,chemokine production,M1,1,0
19_GO:0097192,1,-3,GO:0097192,extrinsic apoptotic signaling pathway in absence of ligand,M1,1,0
19_GO:0098542,1,-4.6,GO:0098542,defense response to other organism,M1,1,0
24_hsa04062,1,-7.6,hsa04062,Chemokine signaling pathway,M1,1,0
19_GO:0048143,1,-6.1,GO:0048143,astrocyte activation,M1,1,0
19_GO:0007200,1,-3.7,GO:0007200,phospholipase C-activating G protein-coupled receptor signaling pathway,M1,1,0
19_GO:0033280,1,-3.9,GO:0033280,response to vitamin D,M1,1,0
24_hsa04668,1,-7.8,hsa04668,TNF signaling pathway,M1,1,0
19_GO:0090023,1,-4.4,GO:0090023,positive regulation of neutrophil chemotaxis,M1,1,0
19_GO:2000401,1,-6.1,GO:2000401,regulation of lymphocyte migration,M1,1,0
19_GO:0072606,1,-4.1,GO:0072606,interleukin-8 secretion,M1,1,0
19_GO:0050803,1,-2.4,GO:0050803,regulation of synapse structure or activity,M1,1,0
19_GO:0050806,1,-2,GO:0050806,positive regulation of synaptic transmission,M1,1,0
19_GO:0050808,1,-2.2,GO:0050808,synapse organization,M1,1,0
19_GO:0050766,1,-3.1,GO:0050766,positive regulation of phagocytosis,M1,1,0
11_M174,1,-5.3,M174,PID UPA UPAR PATHWAY,M1,1,0
19_GO:0002764,1,-4.9,GO:0002764,immune response-regulating signaling pathway,M1,1,0
19_GO:0040013,1,-3.2,GO:0040013,negative regulation of locomotion,M1,1,0
19_GO:0001893,1,-3.9,GO:0001893,maternal placenta development,M1,1,0
19_GO:0001890,1,-2.1,GO:0001890,placenta development,M1,1,0
6_R-HSA-418594,1,-9.2,R-HSA-418594,G alpha (i) signalling events,M1,1,0
19_GO:0009914,1,-3.7,GO:0009914,hormone transport,M1,1,0
19_GO:0070301,1,-2.6,GO:0070301,cellular response to hydrogen peroxide,M1,1,0
19_GO:0042509,1,-2.8,GO:0042509,regulation of tyrosine phosphorylation of STAT protein,M1,1,0
19_GO:0048762,1,-2.6,GO:0048762,mesenchymal cell differentiation,M1,1,0
19_GO:0061351,1,-2.1,GO:0061351,neural precursor cell proliferation,M1,1,0
24_hsa05418,1,-3.3,hsa05418,Fluid shear stress and atherosclerosis,M1,1,0
19_GO:1904035,1,-2.7,GO:1904035,regulation of epithelial cell apoptotic process,M1,1,0
19_GO:1903039,1,-3.5,GO:1903039,positive regulation of leukocyte cell-cell adhesion,M1,1,0
19_GO:0010876,1,-2.4,GO:0010876,lipid localization,M1,1,0
19_GO:0150078,1,-6.9,GO:0150078,positive regulation of neuroinflammatory response,M1,1,0
19_GO:0090257,1,-3.2,GO:0090257,regulation of muscle system process,M1,1,0
19_GO:0050865,1,-6.1,GO:0050865,regulation of cell activation,M1,1,0
19_GO:0002275,1,-13,GO:0002275,myeloid cell activation involved in immune response,M1,1,0
19_GO:0061448,1,-2.2,GO:0061448,connective tissue development,M1,1,0
19_GO:0032943,1,-3.1,GO:0032943,mononuclear cell proliferation,M1,1,0
19_GO:0002367,1,-2.5,GO:0002367,cytokine production involved in immune response,M1,1,0
19_GO:1990868,1,-9.7,GO:1990868,response to chemokine,M1,1,0
19_GO:0050708,1,-4.3,GO:0050708,regulation of protein secretion,M1,1,0
19_GO:0019730,1,-7.4,GO:0019730,antimicrobial humoral response,M1,1,0
19_GO:0043542,1,-2.2,GO:0043542,endothelial cell migration,M1,1,0
6_R-HSA-381426,1,-3.5,R-HSA-381426,Regulation of Insulin-like Growth Factor (IGF) transport and uptake by Insulin-like Growth Factor Bi,M1,1,0
24_hsa05144,1,-8.5,hsa05144,Malaria,M1,1,0
19_GO:1905517,1,-3.4,GO:1905517,macrophage migration,M1,1,0
24_hsa05142,1,-5.1,hsa05142,Chagas disease (American trypanosomiasis),M1,1,0
19_GO:0050768,1,-3,GO:0050768,negative regulation of neurogenesis,M1,1,0
19_GO:0052548,1,-2.3,GO:0052548,regulation of endopeptidase activity,M1,1,0
6_R-HSA-1442490,1,-4.6,R-HSA-1442490,Collagen degradation,M1,1,0
19_GO:0051051,1,-5.8,GO:0051051,negative regulation of transport,M1,1,0
19_GO:0043281,1,-2.6,GO:0043281,regulation of cysteine-type endopeptidase activity involved in apoptotic process,M1,1,0
19_GO:0061844,1,-7.4,GO:0061844,antimicrobial humoral immune response mediated by antimicrobial peptide,M1,1,0
19_GO:0071396,1,-10,GO:0071396,cellular response to lipid,M1,1,0
19_GO:0060326,1,-22,GO:0060326,cell chemotaxis,M1,1,0
19_GO:0007159,1,-5.4,GO:0007159,leukocyte cell-cell adhesion,M1,1,0
19_GO:0098771,1,-8,GO:0098771,inorganic ion homeostasis,M1,1,0
19_GO:0071774,1,-3.2,GO:0071774,response to fibroblast growth factor,M1,1,0
19_GO:0140131,1,-6.6,GO:0140131,positive regulation of lymphocyte chemotaxis,M1,1,0
19_GO:0072593,1,-4,GO:0072593,reactive oxygen species metabolic process,M1,1,0
19_GO:1903305,1,-2,GO:1903305,regulation of regulated secretory pathway,M1,1,0
6_R-HSA-416476,1,-2.6,R-HSA-416476,G alpha (q) signalling events,M1,1,0
19_GO:2001235,1,-2.9,GO:2001235,positive regulation of apoptotic signaling pathway,M1,1,0
19_GO:0002444,1,-16,GO:0002444,myeloid leukocyte mediated immunity,M1,1,0
24_hsa04621,1,-3,hsa04621,NOD-like receptor signaling pathway,M1,1,0
6_R-HSA-6783783,1,-12,R-HSA-6783783,Interleukin-10 signaling,M1,1,0
19_GO:0042633,1,-3.7,GO:0042633,hair cycle,M1,1,0
19_GO:1904894,1,-2.7,GO:1904894,positive regulation of STAT cascade,M1,1,0
19_GO:0031349,1,-9.1,GO:0031349,positive regulation of defense response,M1,1,0
19_GO:0002920,1,-2.3,GO:0002920,regulation of humoral immune response,M1,1,0
19_GO:0002690,1,-12,GO:0002690,positive regulation of leukocyte chemotaxis,M1,1,0
19_GO:0002440,1,-2.1,GO:0002440,production of molecular mediator of immune response,M1,1,0
19_GO:0072503,1,-9.2,GO:0072503,cellular divalent inorganic cation homeostasis,M1,1,0
19_GO:0022404,1,-2.8,GO:0022404,molting cycle process,M1,1,0
19_GO:0031663,1,-3.3,GO:0031663,lipopolysaccharide-mediated signaling pathway,M1,1,0
19_GO:0034341,1,-2.7,GO:0034341,response to interferon-gamma,M1,1,0
19_GO:0071346,1,-2.9,GO:0071346,cellular response to interferon-gamma,M1,1,0
19_GO:0032609,1,-3.6,GO:0032609,interferon-gamma production,M1,1,0
19_GO:0031214,1,-3.1,GO:0031214,biomineral tissue development,M1,1,0
19_GO:0002526,1,-6.9,GO:0002526,acute inflammatory response,M1,1,0
19_GO:0001704,1,-2.3,GO:0001704,formation of primary germ layer,M1,1,0
19_GO:0042102,1,-2.7,GO:0042102,positive regulation of T cell proliferation,M1,1,0
19_GO:0048608,1,-2.2,GO:0048608,reproductive structure development,M1,1,0
19_GO:0097237,1,-3.3,GO:0097237,cellular response to toxic substance,M1,1,0
19_GO:0050920,1,-9.5,GO:0050920,regulation of chemotaxis,M1,1,0
24_hsa04060,1,-18,hsa04060,Cytokine-cytokine receptor interaction,M1,1,0
19_GO:1903201,1,-3,GO:1903201,regulation of oxidative stress-induced cell death,M1,1,0
19_GO:0010575,1,-6,GO:0010575,positive regulation of vascular endothelial growth factor production,M1,1,0
19_GO:0050769,1,-2.8,GO:0050769,positive regulation of neurogenesis,M1,1,0
19_GO:0046427,1,-2.7,GO:0046427,positive regulation of JAK-STAT cascade,M1,1,0
19_GO:0043406,1,-6.3,GO:0043406,positive regulation of MAP kinase activity,M1,1,0
19_GO:0046649,1,-3.1,GO:0046649,lymphocyte activation,M1,1,0
19_GO:0070663,1,-2.5,GO:0070663,regulation of leukocyte proliferation,M1,1,0
19_GO:0045453,1,-3.2,GO:0045453,bone resorption,M1,1,0
19_GO:0002702,1,-2.6,GO:0002702,positive regulation of production of molecular mediator of immune response,M1,1,0
19_GO:0070661,1,-2.9,GO:0070661,leukocyte proliferation,M1,1,0
19_GO:0035690,1,-4.2,GO:0035690,cellular response to drug,M1,1,0
19_GO:0090280,1,-4.6,GO:0090280,positive regulation of calcium ion import,M1,1,0
19_GO:0051851,1,-2.8,GO:0051851,modification by host of symbiont morphology or physiology,M1,1,0
19_GO:0032722,1,-3.3,GO:0032722,positive regulation of chemokine production,M1,1,0
19_GO:0042113,1,-2.8,GO:0042113,B cell activation,M1,1,0
19_GO:1905952,1,-2.1,GO:1905952,regulation of lipid localization,M1,1,0
19_GO:0046425,1,-2.2,GO:0046425,regulation of JAK-STAT cascade,M1,1,0
19_GO:0030203,1,-2.1,GO:0030203,glycosaminoglycan metabolic process,M1,1,0
19_GO:0032946,1,-2.3,GO:0032946,positive regulation of mononuclear cell proliferation,M1,1,0
19_GO:0042035,1,-4.8,GO:0042035,regulation of cytokine biosynthetic process,M1,1,0
19_GO:0002699,1,-3.5,GO:0002699,positive regulation of immune effector process,M1,1,0
19_GO:2000146,1,-2.6,GO:2000146,negative regulation of cell motility,M1,1,0
19_GO:0051048,1,-4.3,GO:0051048,negative regulation of secretion,M1,1,0
19_GO:0009620,1,-3.4,GO:0009620,response to fungus,M1,1,0
19_GO:0097191,1,-3.5,GO:0097191,extrinsic apoptotic signaling pathway,M1,1,0
6_R-HSA-380108,1,-12,R-HSA-380108,Chemokine receptors bind chemokines,M1,1,0
19_GO:1904659,1,-2.5,GO:1904659,glucose transmembrane transport,M1,1,0
19_GO:0008645,1,-2.5,GO:0008645,hexose transmembrane transport,M1,1,0
19_GO:1904019,1,-2.5,GO:1904019,epithelial cell apoptotic process,M1,1,0
19_GO:0045576,1,-3.2,GO:0045576,mast cell activation,M1,1,0
19_GO:0010035,1,-4.8,GO:0010035,response to inorganic substance,M1,1,0
19_GO:0051346,1,-2.1,GO:0051346,negative regulation of hydrolase activity,M1,1,0
24_hsa05323,1,-13,hsa05323,Rheumatoid arthritis,M1,1,0
19_GO:0071887,1,-2.6,GO:0071887,leukocyte apoptotic process,M1,1,0
19_GO:0002523,1,-5,GO:0002523,leukocyte migration involved in inflammatory response,M1,1,0
19_GO:0002548,1,-7.6,GO:0002548,monocyte chemotaxis,M1,1,0
19_GO:0010720,1,-2.4,GO:0010720,positive regulation of cell development,M1,1,0
19_GO:1902882,1,-2.6,GO:1902882,regulation of response to oxidative stress,M1,1,0
6_R-HSA-6783589,1,-4.5,R-HSA-6783589,Interleukin-6 family signaling,M1,1,0
19_GO:0030279,1,-2.8,GO:0030279,negative regulation of ossification,M1,1,0
19_GO:0050729,1,-11,GO:0050729,positive regulation of inflammatory response,M1,1,0
19_GO:0030282,1,-2.5,GO:0030282,bone mineralization,M1,1,0
19_GO:0051924,1,-6.4,GO:0051924,regulation of calcium ion transport,M1,1,0
19_GO:0032637,1,-4.1,GO:0032637,interleukin-8 production,M1,1,0
19_GO:0050921,1,-10,GO:0050921,positive regulation of chemotaxis,M1,1,0
19_GO:2001242,1,-3,GO:2001242,regulation of intrinsic apoptotic signaling pathway,M1,1,0
19_GO:0042303,1,-3.7,GO:0042303,molting cycle,M1,1,0
19_GO:0002429,1,-2.8,GO:0002429,immune response-activating cell surface receptor signaling pathway,M1,1,0
19_GO:0032640,1,-2.9,GO:0032640,tumor necrosis factor production,M1,1,0
6_R-HSA-1592389,1,-4,R-HSA-1592389,Activation of Matrix Metalloproteinases,M1,1,0
19_GO:1903557,1,-4,GO:1903557,positive regulation of tumor necrosis factor superfamily cytokine production,M1,1,0
19_GO:0055065,1,-7.8,GO:0055065,metal ion homeostasis,M1,1,0
24_hsa04064,1,-5.3,hsa04064,NF-kappa B signaling pathway,M1,1,0
24_hsa05146,1,-2.7,hsa05146,Amoebiasis,M1,1,0
19_GO:0030336,1,-2.7,GO:0030336,negative regulation of cell migration,M1,1,0
19_GO:0006022,1,-3,GO:0006022,aminoglycan metabolic process,M1,1,0
19_GO:0010574,1,-5.7,GO:0010574,regulation of vascular endothelial growth factor production,M1,1,0
19_GO:0050870,1,-2.7,GO:0050870,positive regulation of T cell activation,M1,1,0
19_GO:0048729,1,-2.7,GO:0048729,tissue morphogenesis,M1,1,0
19_GO:0002675,1,-5.9,GO:0002675,positive regulation of acute inflammatory response,M1,1,0
19_GO:0071621,1,-23,GO:0071621,granulocyte chemotaxis,M1,1,0
11_M5883,1,-18,M5883,NABA SECRETED FACTORS,M1,1,0
19_GO:0043030,1,-4.8,GO:0043030,regulation of macrophage activation,M1,1,0
19_GO:0150077,1,-8.9,GO:0150077,regulation of neuroinflammatory response,M1,1,0
19_GO:0010594,1,-2.5,GO:0010594,regulation of endothelial cell migration,M1,1,0
19_GO:1990869,1,-9.7,GO:1990869,cellular response to chemokine,M1,1,0
19_GO:0030003,1,-8.7,GO:0030003,cellular cation homeostasis,M1,1,0
19_GO:0002274,1,-19,GO:0002274,myeloid leukocyte activation,M1,1,0
19_GO:0099177,1,-2.9,GO:0099177,regulation of trans-synaptic signaling,M1,1,0
19_GO:0034612,1,-5.7,GO:0034612,response to tumor necrosis factor,M1,1,0
19_GO:0033157,1,-2.5,GO:0033157,regulation of intracellular protein transport,M1,1,0
19_GO:0071320,1,-3.4,GO:0071320,cellular response to cAMP,M1,1,0
19_GO:0009617,1,-16,GO:0009617,response to bacterium,M1,1,0
24_hsa04657,1,-15,hsa04657,IL-17 signaling pathway,M1,1,0
19_GO:0006953,1,-3.6,GO:0006953,acute-phase response,M1,1,0
24_hsa04623,1,-3.2,hsa04623,Cytosolic DNA-sensing pathway,M1,1,0
19_GO:0051591,1,-2.6,GO:0051591,response to cAMP,M1,1,0
24_hsa05152,1,-2.9,hsa05152,Tuberculosis,M1,1,0
24_hsa05200,1,-4.1,hsa05200,Pathways in cancer,M1,1,0
19_GO:0050922,1,-3.2,GO:0050922,negative regulation of chemotaxis,M1,1,0
19_GO:0051817,1,-2.4,GO:0051817,modification of morphology or physiology of other organism involved in symbiotic interaction,M1,1,0
19_GO:0023061,1,-3.6,GO:0023061,signal release,M1,1,0
19_GO:0042742,1,-5.5,GO:0042742,defense response to bacterium,M1,1,0
19_GO:1903978,1,-4.6,GO:1903978,regulation of microglial cell activation,M1,1,0
11_M196,1,-5.6,M196,PID IL23 PATHWAY,M1,1,0
19_GO:0046888,1,-4.6,GO:0046888,negative regulation of hormone secretion,M1,1,0
19_GO:0032642,1,-4.1,GO:0032642,regulation of chemokine production,M1,1,0
19_GO:0034599,1,-2.9,GO:0034599,cellular response to oxidative stress,M1,1,0
19_GO:0050900,1,-22,GO:0050900,leukocyte migration,M1,1,0
19_GO:0060135,1,-3.2,GO:0060135,maternal process involved in female pregnancy,M1,1,0
19_GO:1990266,1,-21,GO:1990266,neutrophil migration,M1,1,0
19_GO:0050670,1,-2.6,GO:0050670,regulation of lymphocyte proliferation,M1,1,0
19_GO:0042476,1,-2.3,GO:0042476,odontogenesis,M1,1,0
19_GO:0021782,1,-4.8,GO:0021782,glial cell development,M1,1,0
19_GO:0001568,1,-6.1,GO:0001568,blood vessel development,M1,1,0
19_GO:0002697,1,-3.6,GO:0002697,regulation of immune effector process,M1,1,0
19_GO:0032944,1,-2.6,GO:0032944,regulation of mononuclear cell proliferation,M1,1,0
19_GO:0032755,1,-5.3,GO:0032755,positive regulation of interleukin-6 production,M1,1,0
19_GO:0030574,1,-3.6,GO:0030574,collagen catabolic process,M1,1,0
6_R-HSA-6798695,1,-9.5,R-HSA-6798695,Neutrophil degranulation,M1,1,0
11_M5884,1,-3.1,M5884,NABA CORE MATRISOME,M1,1,0
19_GO:0032757,1,-3.4,GO:0032757,positive regulation of interleukin-8 production,M1,1,0
6_R-HSA-449147,1,-15,R-HSA-449147,Signaling by Interleukins,M1,1,0
19_GO:0097696,1,-3,GO:0097696,STAT cascade,M1,1,0
19_GO:1903510,1,-2.5,GO:1903510,mucopolysaccharide metabolic process,M1,1,0
19_GO:0032386,1,-3,GO:0032386,regulation of intracellular transport,M1,1,0
19_GO:0033138,1,-5,GO:0033138,positive regulation of peptidyl-serine phosphorylation,M1,1,0
11_M115,1,-4.2,M115,PID REG GR PATHWAY,M1,1,0
19_GO:0018107,1,-3.6,GO:0018107,peptidyl-threonine phosphorylation,M1,1,0
19_GO:0055074,1,-7.3,GO:0055074,calcium ion homeostasis,M1,1,0
19_GO:0051222,1,-5.8,GO:0051222,positive regulation of protein transport,M1,1,0
19_GO:0080135,1,-2.4,GO:0080135,regulation of cellular response to stress,M1,1,0
24_hsa05132,1,-5.5,hsa05132,Salmonella infection,M1,1,0
19_GO:0050848,1,-2.6,GO:0050848,regulation of calcium-mediated signaling,M1,1,0
19_GO:0031644,1,-2.2,GO:0031644,regulation of neurological system process,M1,1,0
19_GO:0010573,1,-5.6,GO:0010573,vascular endothelial growth factor production,M1,1,0
19_GO:1901623,1,-8.1,GO:1901623,regulation of lymphocyte chemotaxis,M1,1,0
19_GO:0031960,1,-2,GO:0031960,response to corticosteroid,M1,1,0
19_GO:1903531,1,-4.6,GO:1903531,negative regulation of secretion by cell,M1,1,0
19_GO:0030100,1,-4,GO:0030100,regulation of endocytosis,M1,1,0
19_GO:2000403,1,-5.5,GO:2000403,positive regulation of lymphocyte migration,M1,1,0
19_GO:0043068,1,-6.7,GO:0043068,positive regulation of programmed cell death,M1,1,0
19_GO:0051091,1,-4.1,GO:0051091,positive regulation of DNA-binding transcription factor activity,M1,1,0
19_GO:1902105,1,-2.2,GO:1902105,regulation of leukocyte differentiation,M1,1,0
19_GO:0002720,1,-3.3,GO:0002720,positive regulation of cytokine production involved in immune response,M1,1,0
19_GO:0032496,1,-15,GO:0032496,response to lipopolysaccharide,M1,1,0
19_GO:0055080,1,-8.1,GO:0055080,cation homeostasis,M1,1,0
19_GO:0002700,1,-3.2,GO:0002700,regulation of production of molecular mediator of immune response,M1,1,0
19_GO:0042108,1,-4.5,GO:0042108,positive regulation of cytokine biosynthetic process,M1,1,0
6_R-HSA-375276,1,-13,R-HSA-375276,Peptide ligand-binding receptors,M1,1,0
19_GO:0002683,1,-3.5,GO:0002683,negative regulation of immune system process,M1,1,0
24_hsa04640,1,-5.2,hsa04640,Hematopoietic cell lineage,M1,1,0
19_GO:0006873,1,-8.6,GO:0006873,cellular ion homeostasis,M1,1,0
19_GO:0032680,1,-3,GO:0032680,regulation of tumor necrosis factor production,M1,1,0
19_GO:0002687,1,-12,GO:0002687,positive regulation of leukocyte migration,M1,1,0
19_GO:0045807,1,-5.5,GO:0045807,positive regulation of endocytosis,M1,1,0
19_GO:0014013,1,-2.3,GO:0014013,regulation of gliogenesis,M1,1,0
19_GO:0045089,1,-3.3,GO:0045089,positive regulation of innate immune response,M1,1,0
19_GO:0002253,1,-4.7,GO:0002253,activation of immune response,M1,1,0
19_GO:0030278,1,-4.7,GO:0030278,regulation of ossification,M1,1,0
19_GO:0032677,1,-2.9,GO:0032677,regulation of interleukin-8 production,M1,1,0
19_GO:0033273,1,-2.7,GO:0033273,response to vitamin,M1,1,0
11_M54,1,-3.2,M54,PID IL12 2PATHWAY,M1,1,0
19_GO:0044706,1,-3.5,GO:0044706,multi-multicellular organism process,M1,1,0
6_R-HSA-109582,1,-2.2,R-HSA-109582,Hemostasis,M1,1,0
19_GO:0001774,1,-6.7,GO:0001774,microglial cell activation,M1,1,0
19_GO:0051271,1,-3.2,GO:0051271,negative regulation of cellular component movement,M1,1,0
19_GO:0032147,1,-5.5,GO:0032147,activation of protein kinase activity,M1,1,0
19_GO:0008285,1,-6.1,GO:0008285,negative regulation of cell proliferation,M1,1,0
19_GO:0002283,1,-10,GO:0002283,neutrophil activation involved in immune response,M1,1,0
19_GO:0070374,1,-4.6,GO:0070374,positive regulation of ERK1 and ERK2 cascade,M1,1,0
19_GO:0072507,1,-9,GO:0072507,divalent inorganic cation homeostasis,M1,1,0
19_GO:0043410,1,-12,GO:0043410,positive regulation of MAPK cascade,M1,1,0
19_GO:0044344,1,-3.2,GO:0044344,cellular response to fibroblast growth factor stimulus,M1,1,0
19_GO:0070201,1,-4.5,GO:0070201,regulation of establishment of protein localization,M1,1,0
19_GO:0002269,1,-6.7,GO:0002269,leukocyte activation involved in inflammatory response,M1,1,0
19_GO:2001236,1,-3.1,GO:2001236,regulation of extrinsic apoptotic signaling pathway,M1,1,0
19_GO:0035249,1,-2.6,GO:0035249,"synaptic transmission, glutamatergic",M1,1,0
19_GO:1904892,1,-2.1,GO:1904892,regulation of STAT cascade,M1,1,0
19_GO:0032649,1,-3.8,GO:0032649,regulation of interferon-gamma production,M1,1,0
24_hsa04932,1,-2.1,hsa04932,Non-alcoholic fatty liver disease (NAFLD),M1,1,0
19_GO:0007260,1,-2.8,GO:0007260,tyrosine phosphorylation of STAT protein,M1,1,0
19_GO:0038034,1,-3,GO:0038034,signal transduction in absence of ligand,M1,1,0
19_GO:0006935,1,-18,GO:0006935,chemotaxis,M1,1,0
19_GO:0050805,1,-4.2,GO:0050805,negative regulation of synaptic transmission,M1,1,0
19_GO:0046697,1,-4.4,GO:0046697,decidualization,M1,1,0
19_GO:0043032,1,-4.3,GO:0043032,positive regulation of macrophage activation,M1,1,0
19_GO:0050730,1,-3.2,GO:0050730,regulation of peptidyl-tyrosine phosphorylation,M1,1,0
19_GO:0051090,1,-3,GO:0051090,regulation of DNA-binding transcription factor activity,M1,1,0
19_GO:0010799,1,-3.6,GO:0010799,regulation of peptidyl-threonine phosphorylation,M1,1,0
19_GO:0070509,1,-4.2,GO:0070509,calcium ion import,M1,1,0
19_GO:0045124,1,-3.7,GO:0045124,regulation of bone resorption,M1,1,0
19_GO:0016049,1,-2.7,GO:0016049,cell growth,M1,1,0
19_GO:0043299,1,-13,GO:0043299,leukocyte degranulation,M1,1,0
19_GO:0030593,1,-22,GO:0030593,neutrophil chemotaxis,M1,1,0
19_GO:0030183,1,-2.3,GO:0030183,B cell differentiation,M1,1,0
19_GO:0097193,1,-3,GO:0097193,intrinsic apoptotic signaling pathway,M1,1,0
19_GO:0001780,1,-5,GO:0001780,neutrophil homeostasis,M1,1,0
19_GO:0071622,1,-3.6,GO:0071622,regulation of granulocyte chemotaxis,M1,1,0
11_M198,1,-3.6,M198,PID SYNDECAN 1 PATHWAY,M1,1,0
6_R-HSA-8957275,1,-2.5,R-HSA-8957275,Post-translational protein phosphorylation,M1,1,0
19_GO:0045596,1,-3.1,GO:0045596,negative regulation of cell differentiation,M1,1,0
19_GO:0043271,1,-2,GO:0043271,negative regulation of ion transport,M1,1,0
19_GO:0007566,1,-4.9,GO:0007566,embryo implantation,M1,1,0
19_GO:0002263,1,-13,GO:0002263,cell activation involved in immune response,M1,1,0
19_GO:0043900,1,-3.1,GO:0043900,regulation of multi-organism process,M1,1,0
19_GO:2000501,1,-5.8,GO:2000501,regulation of natural killer cell chemotaxis,M1,1,0
19_GO:0032731,1,-3.4,GO:0032731,positive regulation of interleukin-1 beta production,M1,1,0
19_GO:0097190,1,-5.4,GO:0097190,apoptotic signaling pathway,M1,1,0
19_GO:0070997,1,-2.6,GO:0070997,neuron death,M1,1,0
19_GO:0032611,1,-3.7,GO:0032611,interleukin-1 beta production,M1,1,0
19_GO:0031623,1,-2.5,GO:0031623,receptor internalization,M1,1,0
6_R-HSA-1474228,1,-4.5,R-HSA-1474228,Degradation of the extracellular matrix,M1,1,0
19_GO:0042542,1,-2.2,GO:0042542,response to hydrogen peroxide,M1,1,0
19_GO:0048771,1,-2.9,GO:0048771,tissue remodeling,M1,1,0
19_GO:0048514,1,-6.6,GO:0048514,blood vessel morphogenesis,M1,1,0
19_GO:0072678,1,-4.5,GO:0072678,T cell migration,M1,1,0
19_GO:0043312,1,-11,GO:0043312,neutrophil degranulation,M1,1,0
19_GO:1900407,1,-2.7,GO:1900407,regulation of cellular response to oxidative stress,M1,1,0
19_GO:0007204,1,-6.7,GO:0007204,positive regulation of cytosolic calcium ion concentration,M1,1,0
19_GO:0001525,1,-7.3,GO:0001525,angiogenesis,M1,1,0
19_GO:0051384,1,-2.2,GO:0051384,response to glucocorticoid,M1,1,0
19_GO:0050807,1,-2.5,GO:0050807,regulation of synapse organization,M1,1,0
19_GO:0071407,1,-6.8,GO:0071407,cellular response to organic cyclic compound,M1,1,0
19_GO:0022407,1,-3.9,GO:0022407,regulation of cell-cell adhesion,M1,1,0
19_GO:0001503,1,-5.9,GO:0001503,ossification,M1,1,0
19_GO:0010632,1,-2.1,GO:0010632,regulation of epithelial cell migration,M1,1,0
19_GO:0010818,1,-4.3,GO:0010818,T cell chemotaxis,M1,1,0
19_GO:0050673,1,-2.9,GO:0050673,epithelial cell proliferation,M1,1,0
19_GO:0070665,1,-2.2,GO:0070665,positive regulation of leukocyte proliferation,M1,1,0
19_GO:0045860,1,-5.8,GO:0045860,positive regulation of protein kinase activity,M1,1,0
19_GO:0045123,1,-3.1,GO:0045123,cellular extravasation,M1,1,0
19_GO:0002521,1,-3.3,GO:0002521,leukocyte differentiation,M1,1,0
19_GO:0000302,1,-2.4,GO:0000302,response to reactive oxygen species,M1,1,0
11_M166,1,-3.3,M166,PID ATF2 PATHWAY,M1,1,0
19_GO:0050866,1,-2.7,GO:0050866,negative regulation of cell activation,M1,1,0
19_GO:0099175,1,-3.7,GO:0099175,regulation of postsynapse organization,M1,1,0
19_GO:0010038,1,-3.4,GO:0010038,response to metal ion,M1,1,0
19_GO:0048661,1,-2.6,GO:0048661,positive regulation of smooth muscle cell proliferation,M1,1,0
19_GO:0072511,1,-5.2,GO:0072511,divalent inorganic cation transport,M1,1,0
19_GO:1903037,1,-2.8,GO:1903037,regulation of leukocyte cell-cell adhesion,M1,1,0
19_GO:0002673,1,-4.2,GO:0002673,regulation of acute inflammatory response,M1,1,0
6_R-HSA-373076,1,-11,R-HSA-373076,Class A/1 (Rhodopsin-like receptors),M1,1,0
19_GO:0002262,1,-3.2,GO:0002262,myeloid cell homeostasis,M1,1,0
19_GO:1901699,1,-4.2,GO:1901699,cellular response to nitrogen compound,M1,1,0
19_GO:0051897,1,-4,GO:0051897,positive regulation of protein kinase B signaling,M1,1,0
19_GO:0071219,1,-14,GO:0071219,cellular response to molecule of bacterial origin,M1,1,0
19_GO:0002703,1,-3.7,GO:0002703,regulation of leukocyte mediated immunity,M1,1,0
19_GO:0001818,1,-2,GO:0001818,negative regulation of cytokine production,M1,1,0
19_GO:0002685,1,-11,GO:0002685,regulation of leukocyte migration,M1,1,0
19_GO:0051926,1,-3,GO:0051926,negative regulation of calcium ion transport,M1,1,0
19_GO:0050663,1,-7.6,GO:0050663,cytokine secretion,M1,1,0
19_GO:0097530,1,-22,GO:0097530,granulocyte migration,M1,1,0
19_GO:0045088,1,-2.9,GO:0045088,regulation of innate immune response,M1,1,0
19_GO:0061458,1,-2.2,GO:0061458,reproductive system development,M1,1,0
19_GO:0046879,1,-3.7,GO:0046879,hormone secretion,M1,1,0
19_GO:2001233,1,-4.9,GO:2001233,regulation of apoptotic signaling pathway,M1,1,0
19_GO:0001649,1,-3.4,GO:0001649,osteoblast differentiation,M1,1,0
19_GO:0071241,1,-2.6,GO:0071241,cellular response to inorganic substance,M1,1,0
19_GO:0051928,1,-4.7,GO:0051928,positive regulation of calcium ion transport,M1,1,0
19_GO:0032732,1,-3.3,GO:0032732,positive regulation of interleukin-1 production,M1,1,0
19_GO:0022617,1,-4.2,GO:0022617,extracellular matrix disassembly,M1,1,0
19_GO:0060627,1,-4,GO:0060627,regulation of vesicle-mediated transport,M1,1,0
19_GO:0060688,1,-3.4,GO:0060688,regulation of morphogenesis of a branching structure,M1,1,0
19_GO:0006979,1,-2.9,GO:0006979,response to oxidative stress,M1,1,0
19_GO:0050918,1,-5.9,GO:0050918,positive chemotaxis,M1,1,0
19_GO:0001837,1,-3.3,GO:0001837,epithelial to mesenchymal transition,M1,1,0
19_GO:0046883,1,-3.1,GO:0046883,regulation of hormone secretion,M1,1,0
19_GO:0043405,1,-5.5,GO:0043405,regulation of MAP kinase activity,M1,1,0
19_GO:0030155,1,-3.2,GO:0030155,regulation of cell adhesion,M1,1,0
19_GO:0046651,1,-3.1,GO:0046651,lymphocyte proliferation,M1,1,0
19_GO:0018212,1,-2.5,GO:0018212,peptidyl-tyrosine modification,M1,1,0
11_M5885,1,-16,M5885,NABA MATRISOME ASSOCIATED,M1,1,0
19_GO:0001819,1,-9.6,GO:0001819,positive regulation of cytokine production,M1,1,0
11_M167,1,-4.4,M167,PID AP1 PATHWAY,M1,1,0
19_GO:0052547,1,-2.9,GO:0052547,regulation of peptidase activity,M1,1,0
19_GO:1901342,1,-7.8,GO:1901342,regulation of vasculature development,M1,1,0
19_GO:0002718,1,-2.8,GO:0002718,regulation of cytokine production involved in immune response,M1,1,0
19_GO:0044057,1,-5.3,GO:0044057,regulation of system process,M1,1,0
19_GO:0051216,1,-2.6,GO:0051216,cartilage development,M1,1,0
19_GO:0002446,1,-13,GO:0002446,neutrophil mediated immunity,M1,1,0
19_GO:0018209,1,-5.6,GO:0018209,peptidyl-serine modification,M1,1,0
19_GO:0032612,1,-3.5,GO:0032612,interleukin-1 production,M1,1,0
24_hsa05134,1,-3.4,hsa05134,Legionellosis,M1,1,0
19_GO:1904951,1,-5.4,GO:1904951,positive regulation of establishment of protein localization,M1,1,0
19_GO:0007259,1,-3.1,GO:0007259,JAK-STAT cascade,M1,1,0
19_GO:0014015,1,-3,GO:0014015,positive regulation of gliogenesis,M1,1,0
19_GO:0050707,1,-5.7,GO:0050707,regulation of cytokine secretion,M1,1,0
19_GO:0006959,1,-11,GO:0006959,humoral immune response,M1,1,0
19_GO:0051249,1,-2.7,GO:0051249,regulation of lymphocyte activation,M1,1,0
19_GO:0051272,1,-12,GO:0051272,positive regulation of cellular component movement,M1,1,0
19_GO:0006875,1,-8.3,GO:0006875,cellular metal ion homeostasis,M1,1,0
19_GO:0001942,1,-2.8,GO:0001942,hair follicle development,M1,1,0
19_GO:0032963,1,-3.6,GO:0032963,collagen metabolic process,M1,1,0
19_GO:2000377,1,-2.7,GO:2000377,regulation of reactive oxygen species metabolic process,M1,1,0
19_GO:2000379,1,-2.6,GO:2000379,positive regulation of reactive oxygen species metabolic process,M1,1,0
19_GO:0002366,1,-13,GO:0002366,leukocyte activation involved in immune response,M1,1,0
19_GO:0006937,1,-2.9,GO:0006937,regulation of muscle contraction,M1,1,0
19_GO:1901214,1,-2.8,GO:1901214,regulation of neuron death,M1,1,0
19_GO:0050671,1,-2.3,GO:0050671,positive regulation of lymphocyte proliferation,M1,1,0
19_GO:0007187,1,-2.3,GO:0007187,"G protein-coupled receptor signaling pathway, coupled to cyclic nucleotide second messenger",M1,1,0
24_hsa05140,1,-4.4,hsa05140,Leishmaniasis,M1,1,0
19_GO:0030728,1,-4.6,GO:0030728,ovulation,M1,1,0
19_GO:0034219,1,-2.4,GO:0034219,carbohydrate transmembrane transport,M1,1,0
19_GO:0010466,1,-2.3,GO:0010466,negative regulation of peptidase activity,M1,1,0
19_GO:0051223,1,-4.7,GO:0051223,regulation of protein transport,M1,1,0
19_GO:1903555,1,-2.9,GO:1903555,regulation of tumor necrosis factor superfamily cytokine production,M1,1,0
6_R-HSA-196849,1,-2.4,R-HSA-196849,Metabolism of water-soluble vitamins and cofactors,M1,1,0
24_hsa04620,1,-7.9,hsa04620,Toll-like receptor signaling pathway,M1,1,0
6_R-HSA-6803157,1,-2.6,R-HSA-6803157,Antimicrobial peptides,M1,1,0
19_GO:0071674,1,-8.3,GO:0071674,mononuclear cell migration,M1,1,0
19_GO:0033198,1,-4,GO:0033198,response to ATP,M1,1,0
19_GO:0070372,1,-4.8,GO:0070372,regulation of ERK1 and ERK2 cascade,M1,1,0
24_hsa05143,1,-4,hsa05143,African trypanosomiasis,M1,1,0
19_GO:0010001,1,-3.5,GO:0010001,glial cell differentiation,M1,1,0
19_GO:0051345,1,-5.3,GO:0051345,positive regulation of hydrolase activity,M1,1,0
19_GO:0051962,1,-2.5,GO:0051962,positive regulation of nervous system development,M1,1,0
19_GO:0021537,1,-2.3,GO:0021537,telencephalon development,M1,1,0
6_R-HSA-5668599,1,-4.5,R-HSA-5668599,RHO GTPases Activate NADPH Oxidases,M1,1,0
19_GO:0060485,1,-2.2,GO:0060485,mesenchyme development,M1,1,0
19_GO:0043903,1,-2.5,GO:0043903,"regulation of symbiosis, encompassing mutualism through parasitism",M1,1,0
19_GO:0002694,1,-6.4,GO:0002694,regulation of leukocyte activation,M1,1,0
19_GO:0000187,1,-6.8,GO:0000187,activation of MAPK activity,M1,1,0
19_GO:0002791,1,-5.1,GO:0002791,regulation of peptide secretion,M1,1,0
19_GO:0061900,1,-8,GO:0061900,glial cell activation,M1,1,0
19_GO:0019722,1,-5.7,GO:0019722,calcium-mediated signaling,M1,1,0
19_GO:0001776,1,-4.1,GO:0001776,leukocyte homeostasis,M1,1,0
19_GO:0032729,1,-3.2,GO:0032729,positive regulation of interferon-gamma production,M1,1,0
19_GO:0001558,1,-3.1,GO:0001558,regulation of cell growth,M1,1,0
19_GO:0050755,1,-5,GO:0050755,chemokine metabolic process,M1,1,0
19_GO:0051896,1,-3.3,GO:0051896,regulation of protein kinase B signaling,M1,1,0
19_GO:0030198,1,-4.2,GO:0030198,extracellular matrix organization,M1,1,0
19_GO:0007292,1,-2.2,GO:0007292,female gamete generation,M1,1,0
19_GO:0007565,1,-3.8,GO:0007565,female pregnancy,M1,1,0
19_GO:0150076,1,-11,GO:0150076,neuroinflammatory response,M1,1,0
19_GO:0031667,1,-3.5,GO:0031667,response to nutrient levels,M1,1,0
24_hsa04630,1,-5.4,hsa04630,Jak-STAT signaling pathway,M1,1,0
19_GO:0099173,1,-2.9,GO:0099173,postsynapse organization,M1,1,0
19_GO:0045926,1,-2.4,GO:0045926,negative regulation of growth,M1,1,0
19_GO:0042129,1,-2.1,GO:0042129,regulation of T cell proliferation,M1,1,0
19_GO:0019233,1,-3.8,GO:0019233,sensory perception of pain,M1,1,0
19_GO:0006968,1,-6.5,GO:0006968,cellular defense response,M1,1,0
19_GO:0070098,1,-10,GO:0070098,chemokine-mediated signaling pathway,M1,1,0
19_GO:0018108,1,-2.5,GO:0018108,peptidyl-tyrosine phosphorylation,M1,1,0
19_GO:0045055,1,-14,GO:0045055,regulated exocytosis,M1,1,0
19_GO:0071902,1,-6.5,GO:0071902,positive regulation of protein serine/threonine kinase activity,M1,1,0
19_GO:0042063,1,-4.8,GO:0042063,gliogenesis,M1,1,0
19_GO:0048247,1,-6.1,GO:0048247,lymphocyte chemotaxis,M1,1,0
19_GO:0045778,1,-2.7,GO:0045778,positive regulation of ossification,M1,1,0
24_hsa04380,1,-4.6,hsa04380,Osteoclast differentiation,M1,1,0
19_GO:0050867,1,-4,GO:0050867,positive regulation of cell activation,M1,1,0
19_GO:0036230,1,-14,GO:0036230,granulocyte activation,M1,1,0
19_GO:0022612,1,-2.4,GO:0022612,gland morphogenesis,M1,1,0
19_GO:0009611,1,-2.6,GO:0009611,response to wounding,M1,1,0
11_M264,1,-4.4,M264,PID TOLL ENDOGENOUS PATHWAY,M1,1,0
19_GO:0045766,1,-7.1,GO:0045766,positive regulation of angiogenesis,M1,1,0
19_GO:0045785,1,-3.9,GO:0045785,positive regulation of cell adhesion,M1,1,0
19_GO:0045598,1,-2.2,GO:0045598,regulation of fat cell differentiation,M1,1,0
19_GO:0032760,1,-4.1,GO:0032760,positive regulation of tumor necrosis factor production,M1,1,0
6_R-HSA-500792,1,-12,R-HSA-500792,GPCR ligand binding,M1,1,0
19_GO:0040008,1,-2.7,GO:0040008,regulation of growth,M1,1,0
19_GO:0042116,1,-8.2,GO:0042116,macrophage activation,M1,1,0
19_GO:0045667,1,-2.3,GO:0045667,regulation of osteoblast differentiation,M1,1,0
19_GO:0071347,1,-6.3,GO:0071347,cellular response to interleukin-1,M1,1,0
19_GO:0070486,1,-5.2,GO:0070486,leukocyte aggregation,M1,1,0
19_GO:0051966,1,-3,GO:0051966,"regulation of synaptic transmission, glutamatergic",M1,1,0
19_GO:0032102,1,-4.2,GO:0032102,negative regulation of response to external stimulus,M1,1,0
19_GO:0010721,1,-2.7,GO:0010721,negative regulation of cell development,M1,1,0
19_GO:1902624,1,-4.1,GO:1902624,positive regulation of neutrophil migration,M1,1,0
19_GO:0033135,1,-5.7,GO:0033135,regulation of peptidyl-serine phosphorylation,M1,1,0
19_GO:0002224,1,-2.1,GO:0002224,toll-like receptor signaling pathway,M1,1,0
6_R-HSA-168898,1,-3.1,R-HSA-168898,Toll-like Receptor Cascades,M1,1,0
11_M65,1,-5.6,M65,PID FRA PATHWAY,M1,1,0
19_GO:0071624,1,-4.3,GO:0071624,positive regulation of granulocyte chemotaxis,M1,1,0
19_GO:0003006,1,-2,GO:0003006,developmental process involved in reproduction,M1,1,0
19_GO:0035747,1,-5.5,GO:0035747,natural killer cell chemotaxis,M1,1,0
19_GO:0050832,1,-3.8,GO:0050832,defense response to fungus,M1,1,0
19_GO:0033674,1,-6.2,GO:0033674,positive regulation of kinase activity,M1,1,0
19_GO:0032635,1,-5.2,GO:0032635,interleukin-6 production,M1,1,0
19_GO:2000147,1,-12,GO:2000147,positive regulation of cell motility,M1,1,0
19_GO:0034103,1,-2.7,GO:0034103,regulation of tissue remodeling,M1,1,0
19_GO:0014002,1,-7,GO:0014002,astrocyte development,M1,1,0
19_GO:0032651,1,-2.7,GO:0032651,regulation of interleukin-1 beta production,M1,1,0
19_GO:0042033,1,-5,GO:0042033,chemokine biosynthetic process,M1,1,0
19_GO:0002237,1,-16,GO:0002237,response to molecule of bacterial origin,M1,1,0
19_GO:0070371,1,-4.6,GO:0070371,ERK1 and ERK2 cascade,M1,1,0
19_GO:0050714,1,-5.1,GO:0050714,positive regulation of protein secretion,M1,1,0
19_GO:0042531,1,-3,GO:0042531,positive regulation of tyrosine phosphorylation of STAT protein,M1,1,0
19_GO:0032675,1,-5.4,GO:0032675,regulation of interleukin-6 production,M1,1,0
19_GO:0072676,1,-4.8,GO:0072676,lymphocyte migration,M1,1,0
19_GO:0050731,1,-3.8,GO:0050731,positive regulation of peptidyl-tyrosine phosphorylation,M1,1,0
19_GO:0046850,1,-3.5,GO:0046850,regulation of bone remodeling,M1,1,0
19_GO:0071236,1,-2.1,GO:0071236,cellular response to antibiotic,M1,1,0
19_GO:0048871,1,-2.7,GO:0048871,multicellular organismal homeostasis,M1,1,0
19_GO:0051092,1,-5.5,GO:0051092,positive regulation of NF-kappaB transcription factor activity,M1,1,0
19_GO:0002793,1,-6,GO:0002793,positive regulation of peptide secretion,M1,1,0
19_GO:0006766,1,-2.3,GO:0006766,vitamin metabolic process,M1,1,0
6_R-HSA-202733,1,-3.3,R-HSA-202733,Cell surface interactions at the vascular wall,M1,1,0
19_GO:0035821,1,-4.2,GO:0035821,modification of morphology or physiology of other organism,M1,1,0
19_GO:0070838,1,-5.2,GO:0070838,divalent metal ion transport,M1,1,0
19_GO:0042107,1,-4.7,GO:0042107,cytokine metabolic process,M1,1,0
11_M145,1,-2.2,M145,PID P53 DOWNSTREAM PATHWAY,M1,1,0
19_GO:0070555,1,-7.1,GO:0070555,response to interleukin-1,M1,1,0
19_GO:0006816,1,-5.6,GO:0006816,calcium ion transport,M1,1,0
19_GO:0010942,1,-7.2,GO:0010942,positive regulation of cell death,M1,1,0
19_GO:0022409,1,-5.1,GO:0022409,positive regulation of cell-cell adhesion,M1,1,0
19_GO:0010800,1,-4.2,GO:0010800,positive regulation of peptidyl-threonine phosphorylation,M1,1,0
19_GO:0051480,1,-7.3,GO:0051480,regulation of cytosolic calcium ion concentration,M1,1,0
19_GO:0071216,1,-13,GO:0071216,cellular response to biotic stimulus,M1,1,0
19_GO:0002886,1,-3.4,GO:0002886,regulation of myeloid leukocyte mediated immunity,M1,1,0
19_GO:0045073,1,-5.1,GO:0045073,regulation of chemokine biosynthetic process,M1,1,0
19_GO:0002430,1,-5.3,GO:0002430,complement receptor mediated signaling pathway,M1,1,0
19_GO:0048246,1,-3.9,GO:0048246,macrophage chemotaxis,M1,1,0
19_GO:0030098,1,-3.5,GO:0030098,lymphocyte differentiation,M1,1,0
19_GO:0009636,1,-4.1,GO:0009636,response to toxic substance,M1,1,0
19_GO:0030335,1,-12,GO:0030335,positive regulation of cell migration,M1,1,0
6_R-HSA-5686938,1,-4.8,R-HSA-5686938,Regulation of TLR by endogenous ligand,M1,1,0
19_GO:0043547,1,-4,GO:0043547,positive regulation of GTPase activity,M1,1,0
19_GO:0018105,1,-5.9,GO:0018105,peptidyl-serine phosphorylation,M1,1,0
19_GO:0051702,1,-2.7,GO:0051702,interaction with symbiont,M1,1,0
19_GO:0043087,1,-3.6,GO:0043087,regulation of GTPase activity,M1,1,0
19_GO:0050804,1,-2.9,GO:0050804,modulation of chemical synaptic transmission,M1,1,0
19_GO:2001234,1,-2.5,GO:2001234,negative regulation of apoptotic signaling pathway,M1,1,0
19_GO:0051961,1,-2.8,GO:0051961,negative regulation of nervous system development,M1,1,0
19_GO:0036473,1,-2.7,GO:0036473,cell death in response to oxidative stress,M1,1,0
19_GO:0043270,1,-4,GO:0043270,positive regulation of ion transport,M1,1,0
19_GO:0002696,1,-4.1,GO:0002696,positive regulation of leukocyte activation,M1,1,0
19_GO:0051250,1,-2.1,GO:0051250,negative regulation of lymphocyte activation,M1,1,0
19_GO:0071706,1,-2.9,GO:0071706,tumor necrosis factor superfamily cytokine production,M1,1,0
19_GO:1904018,1,-6.7,GO:1904018,positive regulation of vasculature development,M1,1,0
19_GO:0030212,1,-3.9,GO:0030212,hyaluronan metabolic process,M1,1,0
19_GO:0071417,1,-3.8,GO:0071417,cellular response to organonitrogen compound,M1,1,0
19_GO:0050764,1,-2.7,GO:0050764,regulation of phagocytosis,M1,1,0
19_GO:0032103,1,-16,GO:0032103,positive regulation of response to external stimulus,M1,1,0
19_GO:0071222,1,-12,GO:0071222,cellular response to lipopolysaccharide,M1,1,0
19_GO:0008643,1,-3.2,GO:0008643,carbohydrate transport,M1,1,0
19_GO:0001817,1,-10,GO:0001817,regulation of cytokine production,M1,1,0
19_GO:0045834,1,-2.1,GO:0045834,positive regulation of lipid metabolic process,M1,1,0
19_GO:0050727,1,-13,GO:0050727,regulation of inflammatory response,M1,1,0
19_GO:0048708,1,-5.6,GO:0048708,astrocyte differentiation,M1,1,0
24_hsa05202,1,-2.9,hsa05202,Transcriptional misregulation in cancer,M1,1,0
19_GO:0015749,1,-2.4,GO:0015749,monosaccharide transmembrane transport,M1,1,0
24_hsa04151,1,-2.7,hsa04151,PI3K-Akt signaling pathway,M1,1,0
19_GO:0043491,1,-5.1,GO:0043491,protein kinase B signaling,M1,1,0
19_GO:0051235,1,-4.5,GO:0051235,maintenance of location,M1,1,0
6_R-HSA-6785807,1,-13,R-HSA-6785807,Interleukin-4 and Interleukin-13 signaling,M1,1,0
